Institution,Besuche insgesamt,zahlende Besucherinnen und Besucher,nicht zahlende Besucherinnen und Besucher,Besucherinnen,Besucher,Kinder und Jugendliche,Besuche außerhalb Berlins bei Gastspielen oder Wanderaus- stellungen,Kategorie,Jahr
Deutsches Theater / Kammerspiele,165405,155871,9534,99409,65996,-,26809,Große Sprechbühnen,2011
Volksbühne,135284,126158,9126,74406,60878,-,23563,Große Sprechbühnen,2011
Maxim Gorki Theater,92056,86214,5842,53642,38414,-,-,Große Sprechbühnen,2011
Berliner Ensemble,188406,179204,9202,94203,94203,-,25895,Große Sprechbühnen,2011
"Hebbel am Ufer (HAU 1, 2, 3)",89692,73433,16259,45692,44000,-,-,Große Sprechbühnen,2011
Schaubühne am Lehniner Platz,106382,100825,5557,53191,53191,-,63039,Große Sprechbühnen,2011
Renaissance Theater – Neue Theater Betriebs-GmbH,85421,78336,7085,51253,34168,-,-,Große Sprechbühnen,2011
Theater an der Parkaue,92602,86232,6370,46802,45800,-,6663,Kinder- und Jugendtheater,2011
Grips Theater,76301,71844,4457,38151,38150,-,9658,Kinder- und Jugendtheater,2011
Theater Strahl,23367,21749,1618,10515,12852,-,-,Konzeptgeförderte Theater und Theater-/Tanzgruppen,2011
Canstanza Macras / Dorkypark GmbH,6021,5408,613,3011,3010,-,12200,Konzeptgeförderte Theater und Theater-/Tanzgruppen,2011
Nico and the Navigators,3504,2660,844,1752,1752,-,4159,Konzeptgeförderte Theater und Theater-/Tanzgruppen,2011
Rimini Protokoll (Rinini Apparat GbR),5408,4605,803,2924,2484,-,6800,Konzeptgeförderte Theater und Theater-/Tanzgruppen,2011
Theater im Palais - Theaterverein am Festungsgraben,12399,11513,886,7439,4960,-,-,Konzeptgeförderte Theater und Theater-/Tanzgruppen,2011
Sophiensæle,16588,14606,1982,9123,7465,-,-,Konzeptgeförderte Theater und Theater-/Tanzgruppen,2011
Theaterdiscounter,2638,2110,528,1477,1161,-,-,Konzeptgeförderte Theater und Theater-/Tanzgruppen,2011
Theater '89,4626,4452,174,2545,2081,-,4063,Konzeptgeförderte Theater und Theater-/Tanzgruppen,2011
Vaganten Bühne Gemeinnützige,14033,13287,746,7017,7016,-,1449,Konzeptgeförderte Theater und Theater-/Tanzgruppen,2011
Neuköllner Oper,26289,23621,2668,15793,10496,-,200,Konzeptgeförderte Theater und Theater-/Tanzgruppen,2011
Kleines Theater am Südwestkorso GmbH,8010,7490,520,4410,3600,-,-,Konzeptgeförderte Theater und Theater-/Tanzgruppen,2011
Ballhaus Naunynstraße (KulturSPRÜNGE e.V.),25000,17495,7505,12500,12500,-,-,Konzeptgeförderte Theater und Theater-/Tanzgruppen,2011
Friedrichstadt-Palast,451767,446982,4785,284613,167154,-,-,Konzeptgeförderte Theater und Theater-/Tanzgruppen,2011
Sasha Waltz & Guests,22393,20814,1579,13436,8957,-,41425,Konzeptgeförderte Theater und Theater-/Tanzgruppen,2011
Jüdisches Theater,-,-,-,-,-,-,-,Konzeptgeförderte Theater und Theater-/Tanzgruppen,2011
Bühnen am Kürfürstendamm,-,-,-,-,-,-,-,Boulevardtheater,2011
Schlosspark Theater,-,-,-,-,-,-,-,Boulevardtheater,2011
Deutsche Oper Berlin,251921,240266,11655,138557,113364,-,-,Stiftung Oper in Berlin,2011
Staatsoper Unter den Linden,182381,169418,12963,100310,82071,-,38347,Stiftung Oper in Berlin,2011
Komische Oper Berlin,157321,148462,8859,94393,62928,-,-,Stiftung Oper in Berlin,2011
Staatsballett,109196,101579,7617,76874,32322,-,15596,Stiftung Oper in Berlin,2011
Stiftung Berliner Philharmoniker,283238,271527,11711,144455,138783,-,-,Orchester & Chöre,2011
Konzerthaus Berlin / Schauspielhaus am Gendarmenmarkt,138995,126795,12200,80617,58378,-,17000,Orchester & Chöre,2011
Rundfunk-Orchester und -Chöre GmbH,131967,118789,13178,72582,59385,-,165836,Orchester & Chöre,2011
Literarisches Colloquium Berlin (LCB),8140,-,-,5342,2728,70,2500,Literatur,2011
Literaturhaus Berlin,6872,-,-,3565,3091,216,780,Literatur,2011
Literaturforum im Brecht-Haus (Gesellschaft für Sinn und Form e.V.),6862,-,-,4117,2745,-,40,Literatur,2011
literaturWERKstatt berlin (Literaturbrücke Berlin e.V.),21120,-,-,11600,9120,400,1543,Literatur,2011
LesArt - Berliner Zentrum für Kinder- und Jugendliteratur,8915,-,-,1960,905,6050,530,Literatur,2011
ConSense - Ges. zur Förderung von Kultur mbH (Kulturbrauerei),80142,42740,37402,38468,41674,-,-,Kulturzentren / Kino,2011
RambaZamba e.V.,4334,3595,739,2557,1777,-,5000,Kulturzentren / Kino,2011
ufa-fabrik e.V.,27370,18068,9302,16422,10948,-,-,Kulturzentren / Kino,2011
Neue Babylon Berlin GmbH,144239,95223,49016,75004,69235,-,-,Kulturzentren / Kino,2011
Stiftung Berlinische Galerie,129870,84932,44938,71429,58442,-,-,Berliner Landesmuseen,2011
Stiftung Bröhan-Museum,46851,15779,31072,30631,16220,-,-,Berliner Landesmuseen,2011
Brücke Museum,34585,27732,6853,20751,13834,3579,-,Berliner Landesmuseen,2011
Stiftung Deutsches Technikmuseum Berlin,630736,497729,133007,227923,402813,-,-,Berliner Landesmuseen,2011
Bauhaus-Archiv,103278,84877,18401,53188,50090,-,-,Berliner Landesmuseen,2011
Stiftung Stadtmuseum Berlin,210099,116964,93135,111352,98747,-,-,Berliner Landesmuseen,2011
Stiftung Domäne Dahlem,82040,17979,64061,49563,32477,-,-,Berliner Landesmuseen,2011
"Jugend im
Museum e.V.",9627,-,-,4910,4717,9000,-,Berliner Landesmuseen,2011
Schwules Museum,17084,12600,4484,6800,10284,-,-,Berliner Landesmuseen,2011
"Werkbundarchiv -
Museum der Dinge",9800,7548,2252,5485,4315,-,-,Berliner Landesmuseen,2011
Stiftung Georg-Kolbe-Museum,16046,10420,5626,9858,6188,1065,-,Berliner Landesmuseen,2011
Altes Museum mit Antikensammlung - Museumsinsel,330000,122400,207600,202633,127367,13500,-,Staatliche Museen zu Berlin / Stiftung Preußischer Kulturbesitz,2011
"Alte Nationalgalerie -
Museumsinsel",305000,192200,112800,-,-,9737,-,Staatliche Museen zu Berlin / Stiftung Preußischer Kulturbesitz,2011
"Bodemuseum mit Skulpturensammlung,
Museum für Byzantinische Kunst
und Münzkabinett - Museumsinsel",390000,357100,32900,-,-,6554,-,Staatliche Museen zu Berlin / Stiftung Preußischer Kulturbesitz,2011
"Neues Museum mit Ägyptisches Museum, Museum für Vor- und
Frühgeschichte - Musuemsinsel ",903000,672300,230700,504777,398223,58575,-,Staatliche Museen zu Berlin / Stiftung Preußischer Kulturbesitz,2011
"Pergamonmuseum mit Antikensammlung, Museum für Islamische Kunst, Vorderasiatischem Museum, Münzkabinett - Musuemsinsel",1305.000,903000,402000,704700,600300,64389,-,Staatliche Museen zu Berlin / Stiftung Preußischer Kulturbesitz,2011
Friedrichswerdersche Kirche - Museumsinsel,173000,-,173000,-,-,-,-,Staatliche Museen zu Berlin / Stiftung Preußischer Kulturbesitz,2011
Hamburger Bahnhof - Tiergarten,280000,211000,69000,-,-,11750,-,Staatliche Museen zu Berlin / Stiftung Preußischer Kulturbesitz,2011
Neue Nationalgalerie - Kulturforum,220000,160200,59800,-,-,8019,-,Staatliche Museen zu Berlin / Stiftung Preußischer Kulturbesitz,2011
"Gemäldegalerie - Kulturforum (Zentralkasse)
mit Kunstbibliothek und Kupferstichkabinett",277000,197500,79500,156782,120218,9946,-,Staatliche Museen zu Berlin / Stiftung Preußischer Kulturbesitz,2011
Kunstgewerbemuseum - Kulturforum,43000,13500,29500,-,-,192,-,Staatliche Museen zu Berlin / Stiftung Preußischer Kulturbesitz,2011
Kunstgewerbemuseum - Schloss Köpenick,20000,15900,4100,-,-,1033,-,Staatliche Museen zu Berlin / Stiftung Preußischer Kulturbesitz,2011
"Ethnologisches Museum - Museen Dahlem (Zentralkasse)
mit Museum Europäischer Kulturen und Museum für Asiatische Kunst",108000,63800,44200,61344,46656,11297,-,Staatliche Museen zu Berlin / Stiftung Preußischer Kulturbesitz,2011
"Museum für Fotografie -
Charlottenburg",111000,90200,20800,-,-,5298,-,Staatliche Museen zu Berlin / Stiftung Preußischer Kulturbesitz,2011
"Museum Berggruen -
Charlottenburg",64000,51500,12500,-,-,3496,-,Staatliche Museen zu Berlin / Stiftung Preußischer Kulturbesitz,2011
"Sammlung Scharf-Gerstenberg -
Charlottenburg",43000,35700,7300,-,-,1719,-,Staatliche Museen zu Berlin / Stiftung Preußischer Kulturbesitz,2011
Musikinstrumenten-Museum,60000,-,-,-,-,-,-,Staatliche Museen zu Berlin / Stiftung Preußischer Kulturbesitz,2011
Staatsbibliothek,1029.944,-,-,-,-,-,-,Staatliche Museen zu Berlin / Stiftung Preußischer Kulturbesitz,2011
Humboldt-Box,200000,-,-,-,-,-,-,Staatliche Museen zu Berlin / Stiftung Preußischer Kulturbesitz,2011
"Schloss Charlottenburg
(Neuer Pavillon;
Belvedere; Mausoleum)",433656,-,-,251520,182136,-,-,Preußische Schlösser & Gärten,2011
Pfaueninsel,138054,-,-,-,-,-,-,Preußische Schlösser & Gärten,2011
"Park Glienicke
(Schloss; Casino)",8597,-,-,-,-,-,-,Preußische Schlösser & Gärten,2011
"Jagdschloss Grunewald
(Schloss; Jagd-zeugmagazin)",19298,-,-,-,-,-,-,Preußische Schlösser & Gärten,2011
"Schloss
Schönhausen",24436,-,-,-,-,-,-,Preußische Schlösser & Gärten,2011
Stiftung Berliner Mauer,650000,Freier Eintritt,,-,-,-,-,Gedenkstätten,2011
Trägerverein Haus der Wannseekonferenz,106177,,,54126,52051,-,-,Gedenkstätten,2011
Stiftung Gedenkstätte Berlin-Hohenschönhausen,331580,,,165790,165790,-,-,Gedenkstätten,2011
"Gedenkstätte Deutscher
Widerstand",221000,,,-,-,-,-,Gedenkstätten,2011
Stiftung Topographie des Terrors,800000,,,400000,400000,-,-,Gedenkstätten,2011
Dokumentationszentrum NS-Zwangsarbeit Berlin-Schöneweide,8002,,,3763,4239,-,-,Gedenkstätten,2011
Kunst-Werke Berlin - Institute for Contemporary Art,39636,18207,21429,21436,18260,-,-,Bildende Kunst,2011
Künstlerhaus Bethanien (KHB),21998,Freier Eintritt,,10868,11130,-,-,Bildende Kunst,2011
Haus am Waldsee e.V.,12769,9380,3389,7110,5659,-,-,Bildende Kunst,2011
Stiftung Zentral- und Landesbibliothek Berlin,1220.543,Kein Eintritt - Nutzerentgelt,,-,-,-,-,Archive/Bibliotheken,2011
Landesarchiv Berlin,9055,Kein Eintritt - Nutzerentgelt,,-,-,-,-,Archive/Bibliotheken,2011
Theater Thikwà,5300,4500,800,-,-,-,"Die Besucherzahlen werden den Einrichtungen von den Gastspielorten nicht übermittelt, keine Angaben möglich. ",  Basisförderung,2011
SheShePop1),-,-,-,-,-,-,,  Basisförderung,2011
Zeitgenössische Oper Berlin2),13000,600,12400,-,-,-,,  Basisförderung,2011
Theater auf der Zitadelle,4265,4002,263,-,-,-,,  Basisförderung,2011
Schlossplatztheater,5686,4220,1466,-,-,-,,  Basisförderung,2011
Theater o.N.,7609,7609,0,-,-,-,,  Basisförderung,2011
andcompany & Co,854,688,166,-,-,-,,  Basisförderung,2011
Fliegendes Theater,5288,4974,314,-,-,-,,  Basisförderung,2011
ATZE Musiktheater,74955,68665,6290,-,-,-,,  Basisförderung,2011
Das Weite Theater,8832,7911,921,-,-,-,,  Basisförderung,2011
Das Helmi,775,550,225,-,-,-,,  Basisförderung,2011
Platypus Theater,1360,1323,37,-,-,-,,  Basisförderung,2011
Lubricat,507,434,73,-,-,-,,  Basisförderung,2011
Gob Squad,836,657,179,-,-,-,,  Basisförderung,2011
English Theatre Berlin,9123,6838,2285,-,-,-,,  Basisförderung,2011
aufBruch 3),3218,817,2401,-,-,-,,  Basisförderung,2011
Hans Wurst Nachfahren,18237,17237,1000,-,-,-,,  Basisförderung,2011
Novoflot,920,746,174,-,-,-,,  Basisförderung,2011
"Kroesinger, Hans-Werner",862,728,134,-,-,-,,  Basisförderung,2011
Christoph Winkler,1233,1027,206,-,-,-,,  Basisförderung,2011
Christina Ciupke,610,505,105,-,-,-,,  Basisförderung,2011
Tanzcompanie Rubato,596,481,115,-,-,-,,  Basisförderung,2011
cie toula limnaios,5263,5137,126,-,-,-,,  Basisförderung,2011
Tanztage Berlin,2194,1874,320,-,-,-,,  Basisförderung,2011
Ballhaus Ost,6383,4894,1489,-,-,-,Keine Gastspiele, Spielstättenförderung,2011
Theaterkapelle4),-,-,-,-,-,-,, Spielstättenförderung,2011
Heimathafen Neukölln,14633,13416,1217,-,-,-,, Spielstättenförderung,2011
Tanzfabrik Berlin e.V.,5789,2290,3499,-,-,-,, Spielstättenförderung,2011
Dock 11,13803,6473,7330,-,-,-,, Spielstättenförderung,2011
Laborgras,1610,1189,421,-,-,-,, Spielstättenförderung,2011
ada Studio & Bühne,1243,1063,180,-,-,-,, Spielstättenförderung,2011
Deutsches Theater / Kammerspiele,162136,154214,7922,92515,69621,-,21546,Große Sprechbühnen,2012
Volksbühne,143292,136153,7139,78810,64482,-,36382,Große Sprechbühnen,2012
Maxim Gorki Theater,79984,74985,4999,46391,33593,-,-,Große Sprechbühnen,2012
Berliner Ensemble,181639,173688,7951,90819,90820,-,31746,Große Sprechbühnen,2012
"Hebbel am Ufer (HAU 1, 2, 3)",61963,50048,11915,31500,30463,-,-,Große Sprechbühnen,2012
Schaubühne am Lehniner Platz,99695,95260,4435,49848,49847,-,65976,Große Sprechbühnen,2012
Renaissance Theater – Neue Theater Betriebs-GmbH,87154,80012,7142,52292,34862,-,-,Große Sprechbühnen,2012
Theater an der Parkaue,90655,85845,4810,48000,42655,-,7751,Kinder- und Jugendtheater,2012
Grips Theater,88993,84913,4080,44496,44497,-,4891,Kinder- und Jugendtheater,2012
Theater Strahl,19772,18658,1114,8897,10875,-,-,Konzeptgeförderte Theater und Theater-/Tanzgruppen,2012
Canstanza Macras / Dorkypark GmbH,6869,6129,740,3435,3434,-,12237,Konzeptgeförderte Theater und Theater-/Tanzgruppen,2012
Nico and the Navigators,3385,2389,996,1693,1692,-,-,Konzeptgeförderte Theater und Theater-/Tanzgruppen,2012
Rimini Protokoll (Rinini Apparat GbR),2105,1901,204,1138,967,-,18890,Konzeptgeförderte Theater und Theater-/Tanzgruppen,2012
Theater im Palais - Theaterverein am Festungsgraben,11709,10656,1053,7025,4684,-,-,Konzeptgeförderte Theater und Theater-/Tanzgruppen,2012
Sophiensæle,23520,18973,4547,12936,10584,-,-,Konzeptgeförderte Theater und Theater-/Tanzgruppen,2012
Theaterdiscounter,3966,3325,641,2221,1745,-,-,Konzeptgeförderte Theater und Theater-/Tanzgruppen,2012
Theater '89,3925,3523,402,1963,1962,-,4147,Konzeptgeförderte Theater und Theater-/Tanzgruppen,2012
Vaganten Bühne Gemeinnützige,13458,12008,1450,6729,6729,-,1020,Konzeptgeförderte Theater und Theater-/Tanzgruppen,2012
Neuköllner Oper,23466,20422,3044,14079,9387,-,2700,Konzeptgeförderte Theater und Theater-/Tanzgruppen,2012
Kleines Theater am Südwestkorso GmbH,10802,10340,462,6200,4602,-,-,Konzeptgeförderte Theater und Theater-/Tanzgruppen,2012
Ballhaus Naunynstraße (KulturSPRÜNGE e.V.),20638,13132,7506,10319,10319,-,-,Konzeptgeförderte Theater und Theater-/Tanzgruppen,2012
Friedrichstadt-Palast,445388,440296,5092,280595,164793,-,-,Konzeptgeförderte Theater und Theater-/Tanzgruppen,2012
Sasha Waltz & Guests,19531,15078,4453,11719,7812,-,32432,Konzeptgeförderte Theater und Theater-/Tanzgruppen,2012
Jüdisches Theater,11700,11200,500,7020,4680,-,-,Konzeptgeförderte Theater und Theater-/Tanzgruppen,2012
Bühnen am Kürfürstendamm,193835,172972,20863,77534,116301,-,312200,Boulevardtheater,2012
Schlosspark Theater,103073,95747,7326,51537,51536,-,-,Boulevardtheater,2012
Deutsche Oper Berlin,218179,206056,12123,136362,81817,-,-,Canstanza Macras / Dorkypark GmbH,2012
Staatsoper Unter den Linden,188926,176831,12095,103909,85017,-,-,Canstanza Macras / Dorkypark GmbH,2012
Komische Oper Berlin,180811,168840,11971,108487,72324,-,-,Canstanza Macras / Dorkypark GmbH,2012
Staatsballett,108598,99949,8649,76019,32579,-,-,Canstanza Macras / Dorkypark GmbH,2012
Stiftung Berliner Philharmoniker,274127,261194,12933,139805,134322,-,-,Orchester & Chöre,2012
Konzerthaus Berlin / Schauspielhaus am Gendarmenmarkt,156876,146442,10434,90988,65888,-,26450,Orchester & Chöre,2012
Rundfunk-Orchester und -Chöre GmbH,131441,119283,12158,72293,59148,-,175503,Orchester & Chöre,2012
Literarisches Colloquium Berlin (LCB),8389,-,-,5388,2901,100,2800,Literatur,2012
Literaturhaus Berlin,6482,-,-,4459,1975,48,650,Literatur,2012
Literaturforum im Brecht-Haus (Gesellschaft für Sinn und Form e.V.),7142,-,-,4285,2857,-,-,Literatur,2012
literaturWERKstatt berlin (Literaturbrücke Berlin e.V.),20737,-,-,10766,9171,800,1435,Literatur,2012
LesArt - Berliner Zentrum für Kinder- und Jugendliteratur,7210,-,-,2805,935,3470,250,Literatur,2012
ConSense - Ges. zur Förderung von Kultur mbH (Kulturbrauerei),73247,33710,39537,35159,38088,-,-,Kulturzentren / Kino,2012
RambaZamba e.V.,6326,5333,993,3732,2594,-,3700,Kulturzentren / Kino,2012
ufa-fabrik e.V.,38385,19887,18498,23031,15354,-,-,Kulturzentren / Kino,2012
Neue Babylon Berlin GmbH,131498,93669,37829,68379,63119,-,-,Kulturzentren / Kino,2012
Stiftung Berlinische Galerie,154713,103687,51026,85092,69621,-,-,Berliner Landesmuseen,2012
Stiftung Bröhan-Museum,63196,24718,38478,37918,25278,-,-,Berliner Landesmuseen,2012
Brücke Museum,23493,17376,6117,14096,9397,3751,-,Berliner Landesmuseen,2012
Stiftung Deutsches Technikmuseum Berlin,581912,448978,132934,210239,371673,-,-,Berliner Landesmuseen,2012
Bauhaus-Archiv,114661,92798,21863,58477,56184,-,-,Berliner Landesmuseen,2012
Stiftung Stadtmuseum Berlin,178121,93309,84812,99748,78373,-,-,Berliner Landesmuseen,2012
Stiftung Domäne Dahlem,79042,18786,60256,1408,918,-,-,Berliner Landesmuseen,2012
"Jugend im
Museum e.V.",9275,-,-,4846,4429,8900,-,Berliner Landesmuseen,2012
Schwules Museum,17426,12400,5026,7200,10300,-,-,Berliner Landesmuseen,2012
"Werkbundarchiv -
Museum der Dinge",10057,8341,1716,6030,4027,-,-,Berliner Landesmuseen,2012
Stiftung Georg-Kolbe-Museum,17422,11568,5845,10911,6511,1318,-,Berliner Landesmuseen,2012
Altes Museum mit Antikensammlung - Museumsinsel,162000,113200,48800,-,-,13500,555000,Staatliche Museen zu Berlin / Stiftung Preußischer Kulturbesitz,2012
"Alte Nationalgalerie -
Museumsinsel",312000,246300,65700,-,-,10100,205000,Staatliche Museen zu Berlin / Stiftung Preußischer Kulturbesitz,2012
"Bodemuseum mit Skulpturensammlung,
Museum für Byzantinische Kunst
und Münzkabinett - Museumsinsel",165000,123300,41700,-,-,6400,405000,Staatliche Museen zu Berlin / Stiftung Preußischer Kulturbesitz,2012
"Neues Museum mit Ägyptisches Museum, Museum für Vor- und
Frühgeschichte - Musuemsinsel ",701000,511400,189600,364520,336480,51400,223000,Staatliche Museen zu Berlin / Stiftung Preußischer Kulturbesitz,2012
"Pergamonmuseum mit Antikensammlung, Museum für Islamische Kunst, Vorderasiatischem Museum, Münzkabinett - Musuemsinsel",1410.000,1153.400,256600,768450,648600,87500,-,Staatliche Museen zu Berlin / Stiftung Preußischer Kulturbesitz,2012
Friedrichswerdersche Kirche - Museumsinsel,141000,-,141000,-,-,-,-,Staatliche Museen zu Berlin / Stiftung Preußischer Kulturbesitz,2012
Hamburger Bahnhof - Tiergarten,280000,214900,65100,-,-,14400,-,Staatliche Museen zu Berlin / Stiftung Preußischer Kulturbesitz,2012
Neue Nationalgalerie - Kulturforum,416000,340700,75300,-,-,17300,-,Staatliche Museen zu Berlin / Stiftung Preußischer Kulturbesitz,2012
"Gemäldegalerie - Kulturforum (Zentralkasse)
mit Kunstbibliothek und Kupferstichkabinett",322000,234800,87200,-,-,9600,-,Staatliche Museen zu Berlin / Stiftung Preußischer Kulturbesitz,2012
Kunstgewerbemuseum - Kulturforum,-,-,-,-,-,-,-,Staatliche Museen zu Berlin / Stiftung Preußischer Kulturbesitz,2012
Kunstgewerbemuseum - Schloss Köpenick,26500,24500,5000,-,-,1200,-,Staatliche Museen zu Berlin / Stiftung Preußischer Kulturbesitz,2012
"Ethnologisches Museum - Museen Dahlem (Zentralkasse)
mit Museum Europäischer Kulturen und Museum für Asiatische Kunst",140000,68600,71400,-,-,14700,-,Staatliche Museen zu Berlin / Stiftung Preußischer Kulturbesitz,2012
"Museum für Fotografie -
Charlottenburg",115000,93900,21100,-,-,5200,-,Staatliche Museen zu Berlin / Stiftung Preußischer Kulturbesitz,2012
"Museum Berggruen -
Charlottenburg",-,-,-,-,-,-,-,Staatliche Museen zu Berlin / Stiftung Preußischer Kulturbesitz,2012
"Sammlung Scharf-Gerstenberg -
Charlottenburg",35000,27700,7300,-,-,1400,-,Staatliche Museen zu Berlin / Stiftung Preußischer Kulturbesitz,2012
Musikinstrumenten-Museum,60000,-,-,-,-,-,-,Staatliche Museen zu Berlin / Stiftung Preußischer Kulturbesitz,2012
Staatsbibliothek,935207,-,-,-,-,-,-,Staatliche Museen zu Berlin / Stiftung Preußischer Kulturbesitz,2012
Humboldt-Box,174000,-,-,-,-,-,-,Staatliche Museen zu Berlin / Stiftung Preußischer Kulturbesitz,2012
"Schloss Charlottenburg
(Neuer Pavillon;
Belvedere; Mausoleum)",440862,-,-,255700,185162,-,-,Preußische Schlösser & Gärten,2012
Pfaueninsel,128795,-,-,-,-,-,-,Preußische Schlösser & Gärten,2012
"Park Glienicke
(Schloss; Casino)",7530,-,-,-,-,-,-,Preußische Schlösser & Gärten,2012
"Jagdschloss Grunewald
(Schloss; Jagd-zeugmagazin)",23710,-,-,-,-,-,-,Preußische Schlösser & Gärten,2012
"Schloss
Schönhausen",20111,-,-,-,-,-,-,Preußische Schlösser & Gärten,2012
Stiftung Berliner Mauer,700000,,,369250,330750,-,-,Gedenkstätten,2012
Trägerverein Haus der Wannseekonferenz,110834,,,56693,54141,-,-,Gedenkstätten,2012
Stiftung Gedenkstätte Berlin-Hohenschönhausen,353828,,,-,-,-,-,Gedenkstätten,2012
"Gedenkstätte Deutscher
Widerstand",222950,,,-,-,-,-,Gedenkstätten,2012
Stiftung Topographie des Terrors,947722,,,473861,473861,-,-,Gedenkstätten,2012
Dokumentationszentrum NS-Zwangsarbeit Berlin-Schöneweide,7049,,,3525,3524,-,-,Gedenkstätten,2012
Kunst-Werke Berlin - Institute for Contemporary Art,137760,11153,126607,74390,63370,-,-,Bildende Kunst,2012
Künstlerhaus Bethanien (KHB),22226,,,11020,11020,-,-,Bildende Kunst,2012
Haus am Waldsee e.V.,14143,10464,3679,8050,6093,-,-,Bildende Kunst,2012
Stiftung Zentral- und Landesbibliothek Berlin,1195.432,,,685465,509966,-,-,Archive/Bibliotheken,2012
Landesarchiv Berlin,12. 286 ,,,-,-,-,-,Archive/Bibliotheken,2012
Theater Thikwà,3499,2405,-,-,-,-,,  Basisförderung,2012
SheShePop1),-,-,-,-,-,-,,  Basisförderung,2012
Zeitgenössische Oper Berlin2),-,-,-,-,-,-,,  Basisförderung,2012
Theater auf der Zitadelle,4220,3962,258,-,-,-,,  Basisförderung,2012
Schlossplatztheater,4534,-,-,-,-,-,,  Basisförderung,2012
Theater o.N.,8343,-,-,-,-,-,,  Basisförderung,2012
andcompany & Co,800,400,400,-,-,-,,  Basisförderung,2012
Fliegendes Theater,5288,4974,314,-,-,-,,  Basisförderung,2012
ATZE Musiktheater,73626,67389,6237,-,-,-,,  Basisförderung,2012
Das Weite Theater,8094,7446,648,-,-,-,,  Basisförderung,2012
Das Helmi,1301,1301,0,-,-,-,,  Basisförderung,2012
Platypus Theater,723,635,88,-,-,-,,  Basisförderung,2012
Lubricat,612,537,75,-,-,-,,  Basisförderung,2012
Gob Squad,2237,2041,196,-,-,-,,  Basisförderung,2012
English Theatre Berlin,7106,5147,1959,-,-,-,,  Basisförderung,2012
aufBruch 3),3247,0,3247,-,-,-,,  Basisförderung,2012
Hans Wurst Nachfahren,18413,17413,1000,-,-,-,,  Basisförderung,2012
Novoflot,-,-,-,-,-,-,,  Basisförderung,2012
"Kroesinger, Hans-Werner",1479,-,-,-,-,-,,  Basisförderung,2012
Christoph Winkler,603,478,125,-,-,-,,  Basisförderung,2012
Christina Ciupke,300,136,164,-,-,-,,  Basisförderung,2012
Tanzcompanie Rubato,515,461,54,-,-,-,,  Basisförderung,2012
cie toula limnaios,5314,5281,33,-,-,-,,  Basisförderung,2012
Tanztage Berlin,2044,1798,246,-,-,-,,  Basisförderung,2012
Ballhaus Ost,7681,6054,1627,-,-,-,, Spielstättenförderung,2012
Theaterkapelle4),2900,-,-,-,-,-,, Spielstättenförderung,2012
Heimathafen Neukölln,16238,14588,1650,-,-,-,, Spielstättenförderung,2012
Tanzfabrik Berlin e.V.,5706,3276,2430,-,-,-,, Spielstättenförderung,2012
Dock 11,11787,6421,5366,-,-,-,, Spielstättenförderung,2012
Laborgras,963,511,452,-,-,-,, Spielstättenförderung,2012
ada Studio & Bühne,1077,917,160,-,-,-,, Spielstättenförderung,2012
Deutsches Theater / Kammerspiele,189135,154595,8533,99507,63621,-,26007,Große Sprechbühnen,2013
Volksbühne,175393,148000,7391,85465,69926,-,20002,Große Sprechbühnen,2013
Maxim Gorki Theater,69745,65016,4729,34872,34873,-,-,Große Sprechbühnen,2013
Berliner Ensemble,228207,186158,9884,98021,98021,-,32165,Große Sprechbühnen,2013
"Hebbel am Ufer (HAU 1, 2, 3)",65979,54431,11548,33991,31988,-,-,Große Sprechbühnen,2013
Schaubühne am Lehniner Platz,168235,107515,4793,56154,56154,-,55927,Große Sprechbühnen,2013
Renaissance Theater – Neue Theater Betriebs-GmbH,80702,74971,5731,48422,32280,-,-,Große Sprechbühnen,2013
Theater an der Parkaue,96268,83868,7009,48000,42877,-,5391,Kinder- und Jugendtheater,2013
Grips Theater,91848,81344,4403,42873,42874,-,6101,Kinder- und Jugendtheater,2013
Theater Strahl,18728,17870,858,8428,10300,-,-,Konzeptgeförderte Theater und Theater-/Tanzgruppen ,2013
Canstanza Macras / Dorkypark GmbH,15063,3300,145,1723,1722,-,11618,Konzeptgeförderte Theater und Theater-/Tanzgruppen ,2013
Nico and the Navigators,6271,2541,318,1430,1429,-,3412,Konzeptgeförderte Theater und Theater-/Tanzgruppen ,2013
Rimini Protokoll (Rimini Apparat GbR),23390,1996,54,1130,920,-,21340,Konzeptgeförderte Theater und Theater-/Tanzgruppen ,2013
Theater im Palais - Theaterverein am Festungsgraben,12151,10957,1194,7291,4860,-,-,Konzeptgeförderte Theater und Theater-/Tanzgruppen ,2013
Sophiensæle,23119,19580,3539,12715,10404,-,-,Konzeptgeförderte Theater und Theater-/Tanzgruppen ,2013
Theaterdiscounter,4047,3252,795,2266,1781,-,-,Konzeptgeförderte Theater und Theater-/Tanzgruppen ,2013
Theater '89,6712,2580,276,1428,1428,-,3856,Konzeptgeförderte Theater und Theater-/Tanzgruppen ,2013
Vaganten Bühne Gemeinnützige,15425,14356,669,7513,7512,-,400,Konzeptgeförderte Theater und Theater-/Tanzgruppen ,2013
Neuköllner Oper,26305,21902,3253,15093,10062,-,1150,Konzeptgeförderte Theater und Theater-/Tanzgruppen ,2013
Kleines Theater am Südwestkorso GmbH,12440,12013,427,6440,6000,-,-,Konzeptgeförderte Theater und Theater-/Tanzgruppen ,2013
Ballhaus Naunynstraße (KulturSPRÜNGE e.V.),19505,11647,6343,8995,8995,-,1515,Konzeptgeförderte Theater und Theater-/Tanzgruppen ,2013
cie. toula limnaios,-,-,-,-,-,-,-,Konzeptgeförderte Theater und Theater-/Tanzgruppen ,2013
prime time theater,-,-,-,-,-,-,-,Konzeptgeförderte Theater und Theater-/Tanzgruppen ,2013
Friedrichstadt-Palast,522209,518670,3539,294421,227788,-,-,Konzeptgeförderte Theater und Theater-/Tanzgruppen ,2013
Sasha Waltz & Guests,47173,15793,903,10018,6678,-,30477,Konzeptgeförderte Theater und Theater-/Tanzgruppen ,2013
Jüdisches Theater, 15450    ,13650,700,7780,6570,-,1100,Konzeptgeförderte Theater und Theater-/Tanzgruppen ,2013
Bühnen am Kürfürstendamm,458896,194225,24671,133556,85340,-,240000,Boulevardtheater,2013
Schlosspark Theater,102088,87381,8605,47993,47993,-,6102,Boulevardtheater,2013
Deutsche Oper Berlin,234917,220672,14245,138601,96316,-,-,Stiftung Oper in Berlin,2013
Staatsoper Unter den Linden,224790,178829,13161,105595,86396,-,32800,Stiftung Oper in Berlin,2013
Komische Oper Berlin,189397,178313,11084,104168,85229,-,-,Stiftung Oper in Berlin,2013
Staatsballett,123103,101332,8877,77146,33063,-,12894,Stiftung Oper in Berlin,2013
Stiftung Berliner Philharmoniker,260164,249281,10883,132684,127480,-,-,Orchester & Chöre,2013
Konzerthaus Berlin / Schauspielhaus am Gendarmenmarkt,163343,147491,10852,91837,66506,-,5000,Orchester & Chöre,2013
Rundfunk-Orchester und -Chöre GmbH,218285,128656,10912,76762,62806,-,78717,Orchester & Chöre,2013
Literarisches Colloquium Berlin (LCB),10870,-,-,7167,3583,120,3800,Literatur,2013
Literaturhaus Berlin,14177,-,-,7850,6135,192,390,Literatur,2013
Literaturforum im Brecht-Haus (Gesellschaft für Sinn und Form e.V.),6967,-,-,4180,2787,-,97,Literatur,2013
literaturWERKstatt berlin (Literaturbrücke Berlin e.V.),16756,-,-,8724,7432,600,3555,Literatur,2013
LesArt - Berliner Zentrum für Kinder- und Jugendliteratur,9031,-,-,2131,860,6040,1043,Literatur,2013
ConSense - Ges. zur Förderung von Kultur mbH (Kulturbrauerei),58091,53380,4711,27883,30208,-,-,Kulturzentren / Kino,2013
RambaZamba e.V.,12438,4965,973,3503,2435,-,6500,Kulturzentren / Kino,2013
ufa-fabrik e.V.,34770,25812,8958,20862,13908,-,-,Kulturzentren / Kino,2013
Neue Babylon Berlin GmbH,131063,48536,82527,68153,62910,-,-,Kulturzentren / Kino,2013
Stiftung Berlinische Galerie,188444,131230,57214,103644,84800,12660,-,Berliner Landesmuseen,2013
Stiftung Bröhan-Museum,62908,23907,39001,37588,25320,7280,-,Berliner Landesmuseen,2013
Brücke Museum,37144,26804,10340,22286,14858,4973,-,Berliner Landesmuseen,2013
Stiftung Deutsches Technikmuseum Berlin,668738,498755,169983,234245,434493,297565,-,Berliner Landesmuseen,2013
Bauhaus-Archiv,110327,85362,24965,59576,50751,24678,-,Berliner Landesmuseen,2013
Stiftung Stadtmuseum Berlin,177954,102041,75913,99654,78300,32321,-,Berliner Landesmuseen,2013
Stiftung Domäne Dahlem,70235,23998,46237,42141,28094,22791,-,Berliner Landesmuseen,2013
Jugend im Museum,14143,9400,2700,7771,6372,14000,-,Berliner Landesmuseen,2013
Schwules Museum,13521,9266,4255,5521,8000,-,-,Berliner Landesmuseen,2013
Werkbundarchiv - Museum der Dinge,11071,9792,1279,6172,4899,-,-,Berliner Landesmuseen,2013
Georg Kolbe Museum,14495,9866,4629,8739,5756,815,-,Berliner Landesmuseen,2013
Käthe-Kollwitz-Museum,-,-,-,-,-,-,-,Berliner Landesmuseen,2013
Altes Museum mit Antikensammlung - Museumsinsel,165000,129009,7488,-,-,28503,-,Staatliche Museen zu Berlin / Stiftung Preußischer Kulturbesitz,2013
"Alte Nationalgalerie -
Museumsinsel",350000,292098,19745,-,-,38157,-,Staatliche Museen zu Berlin / Stiftung Preußischer Kulturbesitz,2013
"Bodemuseum mit Skulpturensammlung,
Museum für Byzantinische Kunst
und Münzkabinett - Museumsinsel",211000,184376,12460,-,-,14164,-,Staatliche Museen zu Berlin / Stiftung Preußischer Kulturbesitz,2013
"Neues Museum mit Ägyptisches Museum, Museum für Vor- und
Frühgeschichte - Musuemsinsel ",963000,767673,70155,-,-,125172,-,Staatliche Museen zu Berlin / Stiftung Preußischer Kulturbesitz,2013
Museum für Vor- und Frühgeschichte im Martin Gropius-Bau,-,-,-,-,-,-,-,Staatliche Museen zu Berlin / Stiftung Preußischer Kulturbesitz,2013
"Pergamonmuseum mit Antikensammlung, Museum für Islamische Kunst, Vorderasiatischem Museum, Münzkabinett - Musuemsinsel",1290.000,1013.838,67014,-,-,209148,-,Staatliche Museen zu Berlin / Stiftung Preußischer Kulturbesitz,2013
Friedrichswerdersche Kirche - Museumsinsel,-,-,-,-,-,-,-,Staatliche Museen zu Berlin / Stiftung Preußischer Kulturbesitz,2013
Hamburger Bahnhof - Tiergarten,300000,235589,21447,-,-,42964,-,Staatliche Museen zu Berlin / Stiftung Preußischer Kulturbesitz,2013
Neue Nationalgalerie - Kulturforum,160000,117271,10781,-,-,31948,-,Staatliche Museen zu Berlin / Stiftung Preußischer Kulturbesitz,2013
"Gemäldegalerie - Kulturforum (Zentralkasse)
mit Kunstbibliothek und Kupferstichkabinett",285000,212492,16094,-,-,56414,-,Staatliche Museen zu Berlin / Stiftung Preußischer Kulturbesitz,2013
Kunstgewerbemuseum - Kulturforum,geschlossen,-,-,-,-,-,-,Staatliche Museen zu Berlin / Stiftung Preußischer Kulturbesitz,2013
Kunstgewerbemuseum - Schloss Köpenick,17000,12205,3100,-,-,1695,-,Staatliche Museen zu Berlin / Stiftung Preußischer Kulturbesitz,2013
"Ethnologisches Museum - Museen Dahlem (Zentralkasse)
mit Museum Europäischer Kulturen und Museum für Asiatische Kunst",119000,80331,10919,-,-,27750,-,Staatliche Museen zu Berlin / Stiftung Preußischer Kulturbesitz,2013
Museum für Fotografie - Charlottenburg,124000,106550,5978,-,-,11472,-,Staatliche Museen zu Berlin / Stiftung Preußischer Kulturbesitz,2013
"Museum Berggruen -
Charlottenburg",135000,116471,8610,-,-,9919,-,Staatliche Museen zu Berlin / Stiftung Preußischer Kulturbesitz,2013
"Sammlung Scharf-Gerstenberg -
Charlottenburg",52000,43554,3034,-,-,5412,-,Staatliche Museen zu Berlin / Stiftung Preußischer Kulturbesitz,2013
Musikinstrumenten-Museum,53000,30662,13033,-,-,9305,-,Staatliche Museen zu Berlin / Stiftung Preußischer Kulturbesitz,2013
Staatsbibliothek,914561,-,-,-,-,-,-,Staatliche Museen zu Berlin / Stiftung Preußischer Kulturbesitz,2013
Humboldt-Box,136000,-,-,-,-,-,-,Staatliche Museen zu Berlin / Stiftung Preußischer Kulturbesitz,2013
"Schloss Charlottenburg
(Neuer Pavillon;
Belvedere; Mausoleum)",347506,-,-,-,-,-,-,Preußische Schlösser & Gärten,2013
Pfaueninsel,127473,-,-,-,-,-,-,Preußische Schlösser & Gärten,2013
"Park Glienicke
(Schloss; Casino)",6665,-,-,-,-,-,-,Preußische Schlösser & Gärten,2013
"Jagdschloss Grunewald
(Schloss; Jagdzeugmagazin)",19766,-,-,-,-,-,-,Preußische Schlösser & Gärten,2013
"Schloss
 Schönhausen",13151,-,-,-,-,-,-,Preußische Schlösser & Gärten,2013
Stiftung Berliner Mauer,850000,Freier Eintritt,,450500,399500,-,-,Gedenkstätten,2013
Trägerverein Haus der Wannseekonferenz,104086,,,53647,50439,-,-,Gedenkstätten,2013
Stiftung Gedenkstätte Berlin-Hohenschönhausen,378314,,,189157,189157,-,-,Gedenkstätten,2013
Gedenkstätte Deutscher Widerstand,224000,,,-,-,-,-,Gedenkstätten,2013
Stiftung Topographie des Terrors,1195.581,,,597790,597791,-,-,Gedenkstätten,2013
Dokumentationszentrum NS-Zwangsarbeit Berlin-Schöneweide,8666,,,4333,4333,-,-,Gedenkstätten,2013
Kunst-Werke Berlin - Institute for Contemporary Art,42639,-,-,23025,19614,-,-,Bildende Kunst,2013
Künstlerhaus Bethanien (KHB),22754,Freier Eintritt,,11451,11303,-,-,Bildende Kunst,2013
Haus am Waldsee,25236,16465,9762,11048,14188,3432,-,Bildende Kunst,2013
Stiftung Zentral- und Landesbibliothek Berlin,1317.473,Kein Eintritt - Nutzerentgelt,,579688,737785,-,-,Archive/Bibliotheken ,2013
Landesarchiv Berlin,13445,Kein Eintritt - Nutzerentgelt,,5647,7798,-,-,Archive/Bibliotheken ,2013
Theater Thikwà,3221,2829,329,-,-,-,17,  Basisförderung,2013
Monster Truck,-,-,-,-,-,-,-,  Basisförderung,2013
SheShePop,1208,1044,-,-,-,-,-,  Basisförderung,2013
Zeitgenössische Oper Berlin,696,394,10000,-,-,-,-,  Basisförderung,2013
kaleidoskop,1920,1558,362,-,-,-,-,  Basisförderung,2013
Theater auf der Zitadelle,2778,2642,136,-,-,-,-,  Basisförderung,2013
Schlossplatztheater,4849,3380,1469,-,-,-,-,  Basisförderung,2013
Theater o.N.,8063,7179,884,-,-,-,-,  Basisförderung,2013
andcompany & Co,714,634,-,-,-,-,-,  Basisförderung,2013
Fliegendes Theater,-,-,-,-,-,-,-,  Basisförderung,2013
ATZE Musiktheater,-,-,-,-,-,-,-,  Basisförderung,2013
Das Weite Theater,6209,5721,488,-,-,-,-,  Basisförderung,2013
Das Helmi,629,482,147,-,-,-,-,  Basisförderung,2013
Lubricat,300,219,-,-,-,-,-,  Basisförderung,2013
Gob Squad,1296,1140,-,-,-,-,-,  Basisförderung,2013
English Theatre Berlin,9959,6217,3742,-,-,-,-,  Basisförderung,2013
aufBruch,4045,3840,205,-,-,-,-,  Basisförderung,2013
Showcase beat Le Mot,3262,-,3262,-,-,-,-,  Basisförderung,2013
Hans Wurst Nachfahren,29000,27500,1500,-,-,-,8,  Basisförderung,2013
Novoflot,2871,1009,1862,-,-,-,-,  Basisförderung,2013
isabelle Schad,331,258,-,-,-,-,-,  Basisförderung,2013
"Kroesinger, Hans-Werner",728,653,75,-,-,-,6,  Basisförderung,2013
make up productions/A. Baehr,46,31,15,-,-,-,-,  Basisförderung,2013
MS Schrittmacher/M. Stiefermann,-,-,-,-,-,-,-,  Basisförderung,2013
Martin Nachbar,-,-,-,-,-,-,-,  Basisförderung,2013
Laurent Chétouane,1117,927,-,-,-,-,-,  Basisförderung,2013
WilhelmGroener,210,170,40,-,-,-,-,  Basisförderung,2013
Christoph Winkler,915,762,-,-,-,-,-,  Basisförderung,2013
Christina Ciupke,273,100,-,-,-,-,-,  Basisförderung,2013
Tanzcompanie Rubato,565,512,-,-,-,-,-,  Basisförderung,2013
cie toula limnaios,3500,3420,-,-,-,-,-,  Basisförderung,2013
Tanztage Berlin,2044,1798,246,1124,920,,,  Basisförderung,2013
Ballhaus Ost,7935,6242,1693,-,-,-,-, Spielstättenförderung,2013
Theaterkapelle,5850,-,-,-,-,-,-, Spielstättenförderung,2013
Heimathafen Neukölln,12655,11794,861,-,-,-,-, Spielstättenförderung,2013
Tanzfabrik Berlin e.V.,5528,3435,,-,-,-,-, Spielstättenförderung,2013
Dock 11,11373,6453,5149,-,-,-,-, Spielstättenförderung,2013
Laborgras,1317,551,766,-,-,-,-, Spielstättenförderung,2013
ada Studio & Bühne,982,772,210,-,-,-,-, Spielstättenförderung,2013
Brotfabrik,-,-,-,-,-,-,-, Spielstättenförderung,2013
Deutsches Theater / Kammerspiele,180769,145867,7006,93253,59620,-,27896,Große Sprechbühnen,2014
Volksbühne,170205,143074,7262,81181,69155,-,19869,Große Sprechbühnen,2014
Maxim Gorki Theater,101035,91334,7309,49322,49321,-,2392,Große Sprechbühnen,2014
Berliner Ensemble,231151,187038,8458,97748,97748,-,35655,Große Sprechbühnen,2014
"Hebbel am Ufer (HAU 1, 2, 3)",59830,45463,14367,32308,27522,-,-,Große Sprechbühnen,2014
Schaubühne am Lehniner Platz,183721,120391,4227,62309,62309,-,59103,Große Sprechbühnen,2014
Renaissance Theater – Neue Theater Betriebs-GmbH,87236,81222,6014,52342,34894,-,-,Große Sprechbühnen,2014
Theater an der Parkaue,85587,78040,5385,43000,40425,-,2162,Kinder- und Jugendtheater,2014
Grips Theater,91233,84247,3342,43794,43795,-,3644,Kinder- und Jugendtheater,2014
Theater Strahl,19114,17730,1384,8601,10513,-,-,Konzeptgeförderte Theater und Theater-/Tanzgruppen ,2014
Canstanza Macras / Dorkypark GmbH,10161,6271,546,3408,3409,-,3344,Konzeptgeförderte Theater und Theater-/Tanzgruppen ,2014
Nico and the Navigators,7421,2409,538,1473,1474,-,4474,Konzeptgeförderte Theater und Theater-/Tanzgruppen ,2014
Rimini Protokoll (Rimini Apparat GbR),39556,1101,119,685,535,-,38336,Konzeptgeförderte Theater und Theater-/Tanzgruppen ,2014
Theater im Palais - Theaterverein am Festungsgraben,11072,9945,1127,6643,4429,-,-,Konzeptgeförderte Theater und Theater-/Tanzgruppen ,2014
Sophiensæle,24785,20928,3857,13633,11152,-,-,Konzeptgeförderte Theater und Theater-/Tanzgruppen ,2014
Theaterdiscounter,3867,3246,621,2166,1701,-,-,Konzeptgeförderte Theater und Theater-/Tanzgruppen ,2014
Theater '89,6356,1884,233,1058,1059,-,4239,Konzeptgeförderte Theater und Theater-/Tanzgruppen ,2014
Vaganten Bühne Gemeinnützige,13636,12760,619,6690,6689,-,257,Konzeptgeförderte Theater und Theater-/Tanzgruppen ,2014
Neuköllner Oper,19666,17371,2295,10781,8885,-,-,Konzeptgeförderte Theater und Theater-/Tanzgruppen ,2014
Kleines Theater am Südwestkorso GmbH,9395,9162,233,4895,4500,-,-,Konzeptgeförderte Theater und Theater-/Tanzgruppen ,2014
Ballhaus Naunynstraße (KulturSPRÜNGE e.V.),21820,11470,8950,10210,10210,-,1400,Konzeptgeförderte Theater und Theater-/Tanzgruppen ,2014
cie. toula limnaios,23266,2964,278,1751,1491,-,20024,Konzeptgeförderte Theater und Theater-/Tanzgruppen ,2014
prime time theater,43714,41705,2009,26228,17486,-,-,Konzeptgeförderte Theater und Theater-/Tanzgruppen ,2014
Friedrichstadt-Palast,472532,467229,5303,293679,178853,-,-,Konzeptgeförderte Theater und Theater-/Tanzgruppen ,2014
Sasha Waltz & Guests,63087,19585,1307,12535,8357,-,42195,Konzeptgeförderte Theater und Theater-/Tanzgruppen ,2014
Jüdisches Theater,-,-,-,-,-,-,-,Konzeptgeförderte Theater und Theater-/Tanzgruppen ,2014
Bühnen am Kürfürstendamm,420475,200256,19219,131685,87790,-,201000,Boulevardtheater,2014
Schlosspark Theater,107997,95463,8302,51883,51882,-,4232,Boulevardtheater,2014
Deutsche Oper Berlin,209163,196737,12426,119315,89848,-,-,Stiftung Oper in Berlin,2014
Staatsoper Unter den Linden,188282,176994,11288,103555,84727,-,-,Stiftung Oper in Berlin,2014
Komische Oper Berlin,217122,206661,10461,130273,86849,-,-,Stiftung Oper in Berlin,2014
Staatsballett,100072,91854,8218,70050,30022,-,-,Stiftung Oper in Berlin,2014
Stiftung Berliner Philharmoniker,274765,264284,10481,134635,140130,-,-,Orchester & Chöre,2014
Konzerthaus Berlin / Schauspielhaus am Gendarmenmarkt,155834,139014,9820,87812,61022,-,7000,Orchester & Chöre,2014
Rundfunk-Orchester und -Chöre GmbH,214716,137894,13006,82995,67905,-,63816,Orchester & Chöre,2014
Literarisches Colloquium Berlin (LCB),9643,-,-,6362,3181,100,4585,Literatur,2014
Literaturhaus Berlin,10935,-,-,6130,4615,190,740,Literatur,2014
Literaturforum im Brecht-Haus (Gesellschaft für Sinn und Form e.V.),6703,-,-,4022,2681,-,-,Literatur,2014
literaturWERKstatt berlin (Literaturbrücke Berlin e.V.),18731,-,-,9344,8287,1100,2207,Literatur,2014
LesArt - Berliner Zentrum für Kinder- und Jugendliteratur,8693,-,-,1380,890,6423,487,Literatur,2014
ConSense - Ges. zur Förderung von Kultur mbH (Kulturbrauerei),68584,66822,1762,32920,35664,-,-,Kulturzentren / Kino,2014
RambaZamba e.V.,9728,4610,1018,3659,1969,-,4100,Kulturzentren / Kino,2014
ufa-fabrik e.V.,35541,27589,7951,21324,14216,-,-,Kulturzentren / Kino,2014
Neue Babylon Berlin GmbH,150764,63838,86926,78397,72367,-,-,Kulturzentren / Kino,2014
Stiftung Berlinische Galerie,101640,65735,35905,55902,45738,5555,-,Berliner Landesmuseen,2014
Stiftung Bröhan-Museum,62142,26577,35565,34280,27862,7409,-,Berliner Landesmuseen,2014
Brücke Museum,30183,20730,9453,18110,12073,4456,-,Berliner Landesmuseen,2014
Stiftung Deutsches Technikmuseum Berlin,638196,488254,149942,220457,417739,311437,-,Berliner Landesmuseen,2014
Bauhaus-Archiv,115067,92492,22575,62136,52931,39482,-,Berliner Landesmuseen,2014
Stiftung Stadtmuseum Berlin,210077,118236,91841,117643,92434,32201,-,Berliner Landesmuseen,2014
Stiftung Domäne Dahlem,46655,26865,19790,27993,18662,26180,-,Berliner Landesmuseen,2014
Jugend im Museum,15344,11482,3862,8222,7122,14800,-,Berliner Landesmuseen,2014
Schwules Museum,18634,12289,6345,7613,11021,-,-,Berliner Landesmuseen,2014
Werkbundarchiv - Museum der Dinge,12322,10215,2107,6777,5545,-,-,Berliner Landesmuseen,2014
Georg Kolbe Museum,28867,23900,4967,19405,9462,3995,-,Berliner Landesmuseen,2014
Käthe-Kollwitz-Museum,23498,22990,508,14099,9399,4500,-,Berliner Landesmuseen,2014
Altes Museum mit Antikensammlung - Museumsinsel,206000,144200,29665,-,-,32135,-,Staatliche Museen zu Berlin / Stiftung Preußischer Kulturbesitz,2014
"Alte Nationalgalerie -
Museumsinsel",339000,264420,31112,-,-,43468,-,Staatliche Museen zu Berlin / Stiftung Preußischer Kulturbesitz,2014
"Bodemuseum mit Skulpturensammlung,
Museum für Byzantinische Kunst
und Münzkabinett - Museumsinsel",226000,183060,31012,-,-,11928,-,Staatliche Museen zu Berlin / Stiftung Preußischer Kulturbesitz,2014
"Neues Museum mit Ägyptisches Museum, Museum für Vor- und
Frühgeschichte - Musuemsinsel ",633000,436770,61773,-,-,134457,-,Staatliche Museen zu Berlin / Stiftung Preußischer Kulturbesitz,2014
Museum für Vor- und Frühgeschichte im Martin Gropius-Bau,180000,133200,1653,-,-,44355,-,Staatliche Museen zu Berlin / Stiftung Preußischer Kulturbesitz,2014
"Pergamonmuseum mit Antikensammlung, Museum für Islamische Kunst, Vorderasiatischem Museum, Münzkabinett - Musuemsinsel",995000,726350,118505,-,-,150145,-,Staatliche Museen zu Berlin / Stiftung Preußischer Kulturbesitz,2014
Friedrichswerdersche Kirche - Museumsinsel,-,-,-,-,-,-,-,Staatliche Museen zu Berlin / Stiftung Preußischer Kulturbesitz,2014
Hamburger Bahnhof - Tiergarten,200000,148000,14920,-,-,37080,-,Staatliche Museen zu Berlin / Stiftung Preußischer Kulturbesitz,2014
Neue Nationalgalerie - Kulturforum,257000,192750,30543,-,-,33707,-,Staatliche Museen zu Berlin / Stiftung Preußischer Kulturbesitz,2014
"Gemäldegalerie - Kulturforum (Zentralkasse)
mit Kunstbibliothek und Kupferstichkabinett",295000,203550,22237,-,-,69213,-,Staatliche Museen zu Berlin / Stiftung Preußischer Kulturbesitz,2014
Kunstgewerbemuseum - Kulturforum,10000,6800,2385,-,-,815,-,Staatliche Museen zu Berlin / Stiftung Preußischer Kulturbesitz,2014
Kunstgewerbemuseum - Schloss Köpenick,16000,12640,1848,-,-,1512,-,Staatliche Museen zu Berlin / Stiftung Preußischer Kulturbesitz,2014
"Ethnologisches Museum - Museen Dahlem (Zentralkasse)
mit Museum Europäischer Kulturen und Museum für Asiatische Kunst",112000,59360,26848,-,-,25792,-,Staatliche Museen zu Berlin / Stiftung Preußischer Kulturbesitz,2014
Museum für Fotografie - Charlottenburg,112000,95200,5492,-,-,11308,-,Staatliche Museen zu Berlin / Stiftung Preußischer Kulturbesitz,2014
"Museum Berggruen -
Charlottenburg",78000,60840,9521,-,-,7639,-,Staatliche Museen zu Berlin / Stiftung Preußischer Kulturbesitz,2014
"Sammlung Scharf-Gerstenberg -
Charlottenburg",75000,63000,3465,-,-,8535,-,Staatliche Museen zu Berlin / Stiftung Preußischer Kulturbesitz,2014
Musikinstrumenten-Museum,48000,15046,23384,-,-,9570,-,Staatliche Museen zu Berlin / Stiftung Preußischer Kulturbesitz,2014
Staatsbibliothek,920000,-,-,-,-,-,-,Staatliche Museen zu Berlin / Stiftung Preußischer Kulturbesitz,2014
Humboldt-Box,120000,-,-,-,-,-,-,Staatliche Museen zu Berlin / Stiftung Preußischer Kulturbesitz,2014
"Schloss Charlottenburg
(Neuer Pavillon;
Belvedere; Mausoleum)",338396,-,-,-,-,-,-,Preußische Schlösser & Gärten,2014
Pfaueninsel,161532,-,-,-,-,-,-,Preußische Schlösser & Gärten,2014
"Park Glienicke
(Schloss; Casino)",6006,-,-,-,-,-,-,Preußische Schlösser & Gärten,2014
"Jagdschloss Grunewald
(Schloss; Jagdzeugmagazin)",26678,-,-,-,-,-,-,Preußische Schlösser & Gärten,2014
"Schloss
 Schönhausen",14413,-,-,-,-,-,-,Preußische Schlösser & Gärten,2014
Stiftung Berliner Mauer,1050.000,,,553875,496125,-,-,Gedenkstätten,2014
Trägerverein Haus der Wannseekonferenz,114823,,,60856,53967,-,-,Gedenkstätten,2014
Stiftung Gedenkstätte Berlin-Hohenschönhausen,436482,,,218241,218241,-,-,Gedenkstätten,2014
Gedenkstätte Deutscher Widerstand,222836,,,111418,111418,-,20000,Gedenkstätten,2014
Stiftung Topographie des Terrors,1362.229,,,681114,681115,-,-,Gedenkstätten,2014
Dokumentationszentrum NS-Zwangsarbeit Berlin-Schöneweide,8706,,,4353,4353,-,-,Gedenkstätten,2014
Kunst-Werke Berlin - Institute for Contemporary Art,106897,-,-,57724,49173,-,-,Bildende Kunst,2014
Künstlerhaus Bethanien (KHB),24308,,,12145,12163,-,-,Bildende Kunst,2014
Haus am Waldsee,29981,20219,9762,17988,11993,1754,-,Bildende Kunst,2014
Stiftung Zentral- und Landesbibliothek Berlin,1305.523,,,626651,678872,-,-,Archive/Bibliotheken ,2014
Landesarchiv Berlin,14354,,,6564,7790,-,-,Archive/Bibliotheken ,2014
Theater Thikwà,3812,3267,545,-,-,-,16,  Basisförderung,2014
Monster Truck,-,-,-,-,-,-,-,  Basisförderung,2014
SheShePop,3057,2748,-,-,-,-,-,  Basisförderung,2014
Zeitgenössische Oper Berlin,154,-,10000,-,-,-,-,  Basisförderung,2014
kaleidoskop,790,694,96,-,-,-,-,  Basisförderung,2014
Theater auf der Zitadelle,4200,4000,200,-,-,-,-,  Basisförderung,2014
Schlossplatztheater,6367,4718,1649,-,-,-,-,  Basisförderung,2014
Theater o.N.,-,-,-,-,-,-,-,  Basisförderung,2014
andcompany & Co,823,763,-,-,-,-,-,  Basisförderung,2014
Fliegendes Theater,-,-,-,-,-,-,-,  Basisförderung,2014
ATZE Musiktheater,71898,64922,6976,-,-,-,65,  Basisförderung,2014
Das Weite Theater,8638,7826,812,-,-,-,-,  Basisförderung,2014
Das Helmi,763,700,63,-,-,-,-,  Basisförderung,2014
Lubricat,400,320,-,-,-,-,-,  Basisförderung,2014
Gob Squad,1547,1287,-,-,-,-,-,  Basisförderung,2014
English Theatre Berlin,-,-,-,-,-,-,-,  Basisförderung,2014
aufBruch,4765,4602,163,-,-,-,-,  Basisförderung,2014
Showcase beat Le Mot,600,-,600,-,-,-,-,  Basisförderung,2014
Hans Wurst Nachfahren,23232,22232,1000,-,-,-,-,  Basisförderung,2014
Novoflot,2995,775,2220,-,-,-,-,  Basisförderung,2014
isabelle Schad,1235,996,-,-,-,-,-,  Basisförderung,2014
"Kroesinger, Hans-Werner",-,-,-,-,-,-,-,  Basisförderung,2014
make up productions/A. Baehr,300,270,30,-,-,-,-,  Basisförderung,2014
MS Schrittmacher/M. Stiefermann,445,372,-,-,-,-,-,  Basisförderung,2014
Martin Nachbar,482,434,-,-,-,-,-,  Basisförderung,2014
Laurent Chétouane,661,-,-,-,-,-,-,  Basisförderung,2014
WilhelmGroener,405,118,-,-,-,-,-,  Basisförderung,2014
Christoph Winkler,1044,877,-,-,-,-,-,  Basisförderung,2014
Christina Ciupke,335,277,-,-,-,-,-,  Basisförderung,2014
Tanzcompanie Rubato,453,410,-,-,-,-,-,  Basisförderung,2014
cie toula limnaios,3242,2964,278,1751,1491,-,-,  Basisförderung,2014
Tanztage Berlin,2220,1968,252,1221,999,,,  Basisförderung,2014
Ballhaus Ost,9073,7342,1731,-,-,-,-, Spielstättenförderung,2014
Theaterkapelle,-,-,-,-,-,-,-, Spielstättenförderung,2014
Heimathafen Neukölln,12669,11975,694,-,-,-,-, Spielstättenförderung,2014
Tanzfabrik Berlin e.V.,6416,4070,2346,-,-,-,-, Spielstättenförderung,2014
Dock 11,8400,6564,1877,-,-,-,-, Spielstättenförderung,2014
Laborgras,204,160,44,-,-,-,-, Spielstättenförderung,2014
ada Studio & Bühne,1047,880,167,-,-,-,-, Spielstättenförderung,2014
Brotfabrik,9883,8242,1635,-,-,-,-, Spielstättenförderung,2014
